image,class
0.jpg,Highway
1.jpg,OpenCountry
10.jpg,OpenCountry
100.jpg,Mountain
1000.jpg,Coast
1001.jpg,Coast
1002.jpg,Highway
1003.jpg,Mountain
1004.jpg,Forest
1005.jpg,Coast
1006.jpg,TallBuilding
1007.jpg,Coast
1008.jpg,Suburb
1009.jpg,Forest
101.jpg,Forest
1010.jpg,Mountain
1011.jpg,Forest
1012.jpg,Mountain
1013.jpg,Highway
1014.jpg,OpenCountry
1015.jpg,Coast
1016.jpg,Highway
1017.jpg,Coast
1018.jpg,Coast
1019.jpg,OpenCountry
102.jpg,kitchen
1020.jpg,OpenCountry
1021.jpg,Street
1022.jpg,Highway
1023.jpg,Coast
1024.jpg,livingroom
1025.jpg,Office
1026.jpg,Highway
1027.jpg,Forest
1028.jpg,Mountain
1029.jpg,Highway
103.jpg,Coast
1030.jpg,Forest
1031.jpg,Coast
1032.jpg,Highway
1033.jpg,Coast
1034.jpg,Forest
1035.jpg,Highway
1036.jpg,Highway
1037.jpg,Highway
1038.jpg,Street
1039.jpg,Highway
104.jpg,bedroom
1040.jpg,Mountain
1041.jpg,Coast
1042.jpg,OpenCountry
1043.jpg,Office
1044.jpg,Highway
1045.jpg,Coast
1046.jpg,Forest
1047.jpg,Coast
1048.jpg,Coast
1049.jpg,OpenCountry
105.jpg,Highway
1050.jpg,Coast
1051.jpg,Coast
1052.jpg,Coast
1053.jpg,Mountain
1054.jpg,Suburb
1055.jpg,Highway
1056.jpg,Coast
1057.jpg,OpenCountry
1058.jpg,Mountain
1059.jpg,Street
106.jpg,Coast
1060.jpg,Mountain
1061.jpg,Insidecity
1062.jpg,livingroom
1063.jpg,Suburb
1064.jpg,Office
1065.jpg,Coast
1066.jpg,Insidecity
1067.jpg,Coast
1068.jpg,OpenCountry
1069.jpg,Coast
107.jpg,Street
1070.jpg,Mountain
1071.jpg,Coast
1072.jpg,Coast
1073.jpg,Street
1074.jpg,Highway
1075.jpg,Forest
1076.jpg,Coast
1077.jpg,Coast
1078.jpg,Coast
1079.jpg,Street
108.jpg,Forest
1080.jpg,Coast
1081.jpg,Insidecity
1082.jpg,Suburb
1083.jpg,Coast
1084.jpg,OpenCountry
1085.jpg,OpenCountry
1086.jpg,Coast
1087.jpg,Office
1088.jpg,Insidecity
1089.jpg,Coast
109.jpg,Highway
1090.jpg,Coast
1091.jpg,Coast
1092.jpg,Mountain
1093.jpg,Coast
1094.jpg,Insidecity
1095.jpg,Suburb
1096.jpg,Coast
1097.jpg,OpenCountry
1098.jpg,Coast
1099.jpg,Office
11.jpg,Coast
110.jpg,Street
1100.jpg,OpenCountry
1101.jpg,Coast
1102.jpg,Coast
1103.jpg,Highway
1104.jpg,Coast
1105.jpg,Coast
1106.jpg,livingroom
1107.jpg,Insidecity
1108.jpg,Coast
1109.jpg,Forest
111.jpg,Coast
1110.jpg,Office
1111.jpg,Coast
1112.jpg,Coast
1113.jpg,Coast
1114.jpg,Coast
1115.jpg,Street
1116.jpg,Highway
1117.jpg,Forest
1118.jpg,Street
1119.jpg,Highway
112.jpg,Mountain
1120.jpg,Coast
1121.jpg,Coast
1122.jpg,Suburb
1123.jpg,Forest
1124.jpg,Highway
1125.jpg,Highway
1126.jpg,Forest
1127.jpg,OpenCountry
1128.jpg,Coast
1129.jpg,Coast
113.jpg,Coast
1130.jpg,Coast
1131.jpg,Street
1132.jpg,Forest
1133.jpg,Suburb
1134.jpg,OpenCountry
1135.jpg,Coast
1136.jpg,OpenCountry
1137.jpg,Highway
1138.jpg,Suburb
1139.jpg,Coast
114.jpg,Coast
1140.jpg,Street
1141.jpg,Coast
1142.jpg,Highway
1143.jpg,Coast
1144.jpg,Forest
1145.jpg,industrial
1146.jpg,Coast
1147.jpg,OpenCountry
1148.jpg,Coast
1149.jpg,Highway
115.jpg,Mountain
1150.jpg,TallBuilding
1151.jpg,Highway
1152.jpg,Coast
1153.jpg,Forest
1154.jpg,Suburb
1155.jpg,Street
1156.jpg,Coast
1157.jpg,Office
1158.jpg,Highway
1159.jpg,Insidecity
116.jpg,OpenCountry
1160.jpg,Mountain
1161.jpg,Office
1162.jpg,Coast
1163.jpg,Mountain
1164.jpg,Coast
1165.jpg,Street
1166.jpg,Highway
1167.jpg,Coast
1168.jpg,Coast
1169.jpg,Insidecity
117.jpg,Mountain
1170.jpg,Forest
1171.jpg,Highway
1172.jpg,Coast
1173.jpg,Coast
1174.jpg,Mountain
1175.jpg,OpenCountry
1176.jpg,Street
1177.jpg,Highway
1178.jpg,Street
1179.jpg,Office
118.jpg,OpenCountry
1180.jpg,Insidecity
1181.jpg,Coast
1182.jpg,Office
1183.jpg,Coast
1184.jpg,Highway
1185.jpg,Street
1186.jpg,OpenCountry
1187.jpg,OpenCountry
1188.jpg,Coast
1189.jpg,Mountain
119.jpg,Coast
1190.jpg,Coast
1191.jpg,Coast
1192.jpg,Forest
1193.jpg,Mountain
1194.jpg,Forest
1195.jpg,Highway
1196.jpg,Coast
1197.jpg,Highway
1198.jpg,Coast
1199.jpg,Coast
12.jpg,Coast
120.jpg,OpenCountry
1200.jpg,Coast
1201.jpg,OpenCountry
1202.jpg,Highway
1203.jpg,Mountain
1204.jpg,Coast
1205.jpg,Highway
1206.jpg,Coast
1207.jpg,Coast
1208.jpg,Coast
1209.jpg,Highway
121.jpg,Coast
1210.jpg,OpenCountry
1211.jpg,TallBuilding
1212.jpg,Street
1213.jpg,Suburb
1214.jpg,Coast
1215.jpg,Coast
1216.jpg,Street
1217.jpg,Coast
1218.jpg,Forest
1219.jpg,industrial
122.jpg,Highway
1220.jpg,Coast
1221.jpg,Forest
1222.jpg,Suburb
1223.jpg,Street
1224.jpg,Coast
1225.jpg,Mountain
1226.jpg,Office
1227.jpg,Office
1228.jpg,Insidecity
1229.jpg,Highway
123.jpg,Mountain
1230.jpg,Coast
1231.jpg,Coast
1232.jpg,Mountain
1233.jpg,Coast
1234.jpg,Forest
1235.jpg,Highway
1236.jpg,Coast
1237.jpg,Coast
1238.jpg,Coast
1239.jpg,Forest
124.jpg,OpenCountry
1240.jpg,OpenCountry
1241.jpg,Highway
1242.jpg,OpenCountry
1243.jpg,Mountain
1244.jpg,Highway
1245.jpg,Coast
1246.jpg,Highway
1247.jpg,Mountain
1248.jpg,Office
1249.jpg,Highway
125.jpg,OpenCountry
1250.jpg,Coast
1251.jpg,Coast
1252.jpg,OpenCountry
1253.jpg,Coast
1254.jpg,Street
1255.jpg,Suburb
1256.jpg,Suburb
1257.jpg,Mountain
1258.jpg,Coast
1259.jpg,Coast
126.jpg,Coast
1260.jpg,Coast
1261.jpg,Coast
1262.jpg,Highway
1263.jpg,Office
1264.jpg,Coast
1265.jpg,Insidecity
1266.jpg,OpenCountry
1267.jpg,Forest
1268.jpg,Coast
1269.jpg,Street
127.jpg,Highway
1270.jpg,Highway
1271.jpg,Coast
1272.jpg,Forest
1273.jpg,Coast
1274.jpg,Coast
1275.jpg,Highway
1276.jpg,Highway
1277.jpg,Coast
1278.jpg,OpenCountry
1279.jpg,Office
128.jpg,Suburb
1280.jpg,Street
1281.jpg,Coast
1282.jpg,OpenCountry
1283.jpg,Mountain
1284.jpg,Street
1285.jpg,Coast
1286.jpg,Highway
1287.jpg,Coast
1288.jpg,Forest
1289.jpg,Insidecity
129.jpg,Mountain
1290.jpg,Street
1291.jpg,Forest
1292.jpg,Street
1293.jpg,Coast
1294.jpg,Street
1295.jpg,Street
1296.jpg,Highway
1297.jpg,Insidecity
1298.jpg,Mountain
1299.jpg,Coast
13.jpg,Highway
130.jpg,OpenCountry
1300.jpg,Coast
1301.jpg,Coast
1302.jpg,Forest
1303.jpg,Forest
1304.jpg,Highway
1305.jpg,Coast
1306.jpg,Forest
1307.jpg,Highway
1308.jpg,Highway
1309.jpg,Street
131.jpg,Coast
1310.jpg,Coast
1311.jpg,Highway
1312.jpg,Coast
1313.jpg,bedroom
1315.jpg,Coast
1316.jpg,Coast
1317.jpg,Forest
1318.jpg,Mountain
1319.jpg,Highway
132.jpg,Coast
1320.jpg,Highway
1321.jpg,Mountain
1322.jpg,Highway
1323.jpg,Coast
1324.jpg,Highway
1325.jpg,Street
1326.jpg,Street
1327.jpg,Coast
1328.jpg,Mountain
1329.jpg,Forest
133.jpg,Mountain
1330.jpg,Coast
1331.jpg,Insidecity
1332.jpg,Forest
1333.jpg,Highway
1334.jpg,Suburb
1335.jpg,Highway
1336.jpg,Coast
1337.jpg,Street
1338.jpg,Insidecity
1339.jpg,Coast
134.jpg,Coast
1340.jpg,Coast
1341.jpg,Office
1342.jpg,Forest
1343.jpg,Mountain
1344.jpg,Coast
1345.jpg,Coast
1346.jpg,Coast
1347.jpg,Insidecity
1348.jpg,Highway
1349.jpg,Coast
135.jpg,Highway
1350.jpg,Coast
1351.jpg,Mountain
1352.jpg,OpenCountry
1353.jpg,Coast
1354.jpg,Coast
1355.jpg,Suburb
1356.jpg,OpenCountry
1357.jpg,Mountain
1358.jpg,Mountain
1359.jpg,Coast
136.jpg,Coast
1360.jpg,Office
1361.jpg,OpenCountry
1362.jpg,Coast
1363.jpg,Coast
1364.jpg,OpenCountry
1365.jpg,Mountain
1366.jpg,Street
1367.jpg,Coast
1368.jpg,Street
1369.jpg,Coast
137.jpg,Forest
1370.jpg,Highway
1371.jpg,Highway
1372.jpg,Coast
1373.jpg,Coast
1374.jpg,OpenCountry
1375.jpg,Coast
1376.jpg,Coast
1377.jpg,Coast
1378.jpg,Forest
1379.jpg,OpenCountry
138.jpg,OpenCountry
1380.jpg,OpenCountry
1381.jpg,Insidecity
1382.jpg,Street
1383.jpg,Suburb
1384.jpg,Coast
1385.jpg,Office
1386.jpg,OpenCountry
1387.jpg,Coast
1388.jpg,OpenCountry
1389.jpg,Forest
139.jpg,Office
1390.jpg,Highway
1391.jpg,Insidecity
1392.jpg,Insidecity
1393.jpg,Forest
1394.jpg,Coast
1395.jpg,Mountain
1396.jpg,Street
1397.jpg,Street
1398.jpg,Coast
1399.jpg,Coast
14.jpg,Coast
140.jpg,Highway
1400.jpg,Suburb
1401.jpg,Forest
1402.jpg,Street
1403.jpg,Coast
1404.jpg,Forest
1405.jpg,Suburb
1406.jpg,Highway
1407.jpg,Coast
1408.jpg,Street
1409.jpg,Mountain
141.jpg,OpenCountry
1410.jpg,industrial
1411.jpg,Forest
1412.jpg,Street
1413.jpg,Highway
1414.jpg,Insidecity
1415.jpg,bedroom
1416.jpg,Forest
1417.jpg,Street
1418.jpg,Coast
1419.jpg,Highway
142.jpg,OpenCountry
1420.jpg,Insidecity
1421.jpg,Insidecity
1422.jpg,Suburb
1423.jpg,Highway
1424.jpg,Insidecity
1425.jpg,Coast
1426.jpg,Coast
1427.jpg,Coast
1428.jpg,Highway
1429.jpg,bedroom
143.jpg,Highway
1430.jpg,OpenCountry
1431.jpg,Coast
1432.jpg,OpenCountry
1433.jpg,Coast
1434.jpg,Forest
1435.jpg,Office
1436.jpg,Forest
1437.jpg,Coast
1438.jpg,Highway
1439.jpg,OpenCountry
144.jpg,Coast
1440.jpg,Coast
1441.jpg,Coast
1442.jpg,Suburb
1443.jpg,OpenCountry
1444.jpg,Mountain
1445.jpg,OpenCountry
1446.jpg,livingroom
1447.jpg,Mountain
1448.jpg,Forest
1449.jpg,Street
145.jpg,Highway
1450.jpg,Coast
1451.jpg,bedroom
1452.jpg,kitchen
1453.jpg,Forest
1454.jpg,Coast
1455.jpg,Coast
1456.jpg,Coast
1457.jpg,Coast
1458.jpg,Highway
1459.jpg,Highway
146.jpg,Insidecity
1460.jpg,Mountain
1461.jpg,Street
1462.jpg,Forest
1463.jpg,Coast
1464.jpg,Coast
1465.jpg,Forest
1466.jpg,Highway
1467.jpg,Highway
1468.jpg,Coast
1469.jpg,Coast
147.jpg,Coast
1470.jpg,OpenCountry
1471.jpg,OpenCountry
1472.jpg,Street
1473.jpg,Highway
1474.jpg,OpenCountry
1475.jpg,Highway
1476.jpg,Highway
1477.jpg,TallBuilding
1478.jpg,Highway
1479.jpg,industrial
148.jpg,Street
1480.jpg,Highway
1481.jpg,Forest
1482.jpg,Highway
1483.jpg,Forest
1484.jpg,livingroom
1485.jpg,Forest
1486.jpg,Office
1487.jpg,Street
1488.jpg,Highway
1489.jpg,OpenCountry
149.jpg,Highway
1490.jpg,Coast
1491.jpg,Coast
1492.jpg,TallBuilding
1493.jpg,Coast
1494.jpg,TallBuilding
1495.jpg,OpenCountry
1496.jpg,OpenCountry
1497.jpg,Coast
1498.jpg,Coast
1499.jpg,Highway
15.jpg,Coast
150.jpg,Coast
1500.jpg,Street
1501.jpg,Highway
1502.jpg,Coast
1503.jpg,Highway
1504.jpg,bedroom
1505.jpg,Coast
1506.jpg,Coast
1507.jpg,Mountain
1508.jpg,Forest
1509.jpg,Mountain
151.jpg,Mountain
1510.jpg,OpenCountry
1511.jpg,Suburb
1512.jpg,Highway
1513.jpg,OpenCountry
1514.jpg,Coast
1515.jpg,Coast
1516.jpg,Coast
1517.jpg,Street
1518.jpg,Highway
1519.jpg,industrial
152.jpg,Street
1520.jpg,Insidecity
1521.jpg,Street
1522.jpg,Forest
1523.jpg,Office
1524.jpg,Street
1525.jpg,Highway
1526.jpg,Insidecity
1527.jpg,Coast
1528.jpg,Coast
1529.jpg,Forest
153.jpg,Coast
1530.jpg,Highway
1531.jpg,Forest
1532.jpg,Highway
1533.jpg,Street
1534.jpg,OpenCountry
1535.jpg,Coast
1536.jpg,Insidecity
1537.jpg,OpenCountry
1538.jpg,Coast
1539.jpg,Coast
154.jpg,OpenCountry
1540.jpg,store
1541.jpg,Street
1542.jpg,Highway
1543.jpg,Mountain
1544.jpg,Coast
1545.jpg,Forest
1546.jpg,Highway
1547.jpg,Suburb
1548.jpg,OpenCountry
1549.jpg,Coast
155.jpg,Coast
1550.jpg,Coast
1551.jpg,Mountain
1552.jpg,Highway
1553.jpg,Highway
1554.jpg,Office
1555.jpg,Insidecity
1556.jpg,OpenCountry
1557.jpg,Coast
1558.jpg,Office
1559.jpg,Coast
156.jpg,Highway
1560.jpg,Coast
1561.jpg,Highway
1562.jpg,Suburb
1563.jpg,Highway
1564.jpg,Suburb
1565.jpg,Mountain
1566.jpg,Insidecity
1567.jpg,Forest
1568.jpg,Street
1569.jpg,Highway
157.jpg,bedroom
1570.jpg,OpenCountry
1571.jpg,Street
1572.jpg,Coast
1573.jpg,Highway
1574.jpg,Coast
1575.jpg,Forest
1576.jpg,Coast
1577.jpg,Coast
1578.jpg,Highway
1579.jpg,industrial
158.jpg,Mountain
1580.jpg,Coast
1581.jpg,Forest
1582.jpg,Highway
1583.jpg,Coast
1584.jpg,Insidecity
1585.jpg,TallBuilding
1586.jpg,Insidecity
1587.jpg,Office
1588.jpg,Coast
1589.jpg,Street
159.jpg,Street
1590.jpg,Suburb
1591.jpg,OpenCountry
1592.jpg,Forest
1593.jpg,Forest
1594.jpg,Insidecity
1595.jpg,Coast
1596.jpg,Coast
1597.jpg,Insidecity
1598.jpg,Highway
1599.jpg,Coast
16.jpg,Mountain
160.jpg,OpenCountry
1600.jpg,Highway
1601.jpg,Coast
1602.jpg,Insidecity
1603.jpg,Forest
1604.jpg,Coast
1605.jpg,Coast
1606.jpg,bedroom
1607.jpg,Highway
1608.jpg,industrial
1609.jpg,Highway
161.jpg,Mountain
1610.jpg,Coast
1611.jpg,Highway
1612.jpg,Coast
1613.jpg,Forest
1614.jpg,Coast
1615.jpg,Coast
1616.jpg,Coast
1617.jpg,bedroom
1618.jpg,Coast
1619.jpg,OpenCountry
162.jpg,Mountain
1620.jpg,Coast
1621.jpg,Street
1622.jpg,Highway
1623.jpg,Coast
1624.jpg,Mountain
1625.jpg,Highway
1626.jpg,Office
1627.jpg,Street
1628.jpg,Street
1629.jpg,Mountain
163.jpg,Street
1630.jpg,Mountain
1631.jpg,Insidecity
1632.jpg,Mountain
1633.jpg,Office
1634.jpg,Insidecity
1635.jpg,Suburb
1636.jpg,Coast
1637.jpg,Office
1638.jpg,Coast
1639.jpg,Forest
164.jpg,Highway
1640.jpg,Coast
1641.jpg,Mountain
1642.jpg,Street
1643.jpg,Coast
1644.jpg,Mountain
1645.jpg,Coast
1646.jpg,Coast
1647.jpg,Highway
1648.jpg,Coast
1649.jpg,Forest
165.jpg,Forest
1650.jpg,Office
1651.jpg,Highway
1652.jpg,Coast
1653.jpg,Forest
1654.jpg,Forest
1655.jpg,Coast
1656.jpg,Street
1657.jpg,Street
1658.jpg,Forest
1659.jpg,Highway
166.jpg,Forest
1660.jpg,Forest
1661.jpg,Forest
1662.jpg,Coast
1663.jpg,OpenCountry
1664.jpg,Coast
1665.jpg,Highway
1666.jpg,Street
1667.jpg,bedroom
1668.jpg,Mountain
1669.jpg,Coast
167.jpg,Coast
1670.jpg,Coast
1671.jpg,Office
1672.jpg,Highway
1673.jpg,Highway
1674.jpg,Insidecity
1675.jpg,Coast
1676.jpg,Highway
1677.jpg,TallBuilding
1678.jpg,Coast
1679.jpg,Coast
168.jpg,Suburb
1680.jpg,Coast
1681.jpg,Coast
1682.jpg,Highway
1683.jpg,Insidecity
1684.jpg,Mountain
1685.jpg,Coast
1686.jpg,Street
1687.jpg,Street
1688.jpg,Mountain
1689.jpg,Coast
169.jpg,industrial
1690.jpg,Coast
1691.jpg,Coast
1692.jpg,Office
1693.jpg,Coast
1694.jpg,Forest
1695.jpg,Mountain
1696.jpg,Coast
1697.jpg,TallBuilding
1698.jpg,OpenCountry
1699.jpg,OpenCountry
17.jpg,Street
170.jpg,Suburb
1700.jpg,Highway
1701.jpg,Coast
1702.jpg,Suburb
1703.jpg,Coast
1704.jpg,Coast
1705.jpg,Highway
1706.jpg,Coast
1707.jpg,OpenCountry
1708.jpg,Forest
1709.jpg,OpenCountry
171.jpg,Coast
1710.jpg,Coast
1711.jpg,Coast
1712.jpg,Office
1713.jpg,Coast
1714.jpg,Coast
1715.jpg,TallBuilding
1716.jpg,Mountain
1717.jpg,Coast
1718.jpg,Suburb
1719.jpg,OpenCountry
172.jpg,Coast
1720.jpg,OpenCountry
1721.jpg,Coast
1722.jpg,Coast
1723.jpg,Street
1724.jpg,Coast
1725.jpg,OpenCountry
1726.jpg,Coast
1727.jpg,OpenCountry
1728.jpg,Coast
1729.jpg,Forest
173.jpg,Office
1730.jpg,industrial
1731.jpg,Highway
1732.jpg,Coast
1733.jpg,Office
1734.jpg,Street
1735.jpg,Coast
1736.jpg,Street
1737.jpg,Coast
1738.jpg,Insidecity
1739.jpg,Street
174.jpg,OpenCountry
1740.jpg,Office
1741.jpg,Highway
1742.jpg,Highway
1743.jpg,Highway
1744.jpg,OpenCountry
1745.jpg,Coast
1746.jpg,Coast
1747.jpg,Coast
1748.jpg,Highway
1749.jpg,Coast
175.jpg,bedroom
1750.jpg,Coast
1751.jpg,Highway
1752.jpg,Coast
1753.jpg,Coast
1754.jpg,Highway
1755.jpg,Insidecity
1756.jpg,Suburb
1757.jpg,Mountain
1758.jpg,Coast
1759.jpg,Coast
176.jpg,Coast
1760.jpg,Coast
1761.jpg,Coast
1762.jpg,Coast
1763.jpg,Office
1764.jpg,Suburb
1765.jpg,Coast
1766.jpg,Coast
1767.jpg,Highway
1768.jpg,Street
1769.jpg,Coast
177.jpg,Forest
1770.jpg,bedroom
1771.jpg,Highway
1772.jpg,livingroom
1773.jpg,Suburb
1774.jpg,OpenCountry
1775.jpg,Forest
1776.jpg,Forest
1777.jpg,Highway
1778.jpg,Mountain
1779.jpg,Mountain
178.jpg,Coast
1780.jpg,Coast
1781.jpg,Mountain
1782.jpg,Office
1783.jpg,OpenCountry
1784.jpg,livingroom
1785.jpg,Highway
1786.jpg,Mountain
1787.jpg,OpenCountry
1788.jpg,Suburb
1789.jpg,Highway
179.jpg,Highway
1790.jpg,Street
1791.jpg,Coast
1792.jpg,Coast
1793.jpg,Street
1794.jpg,OpenCountry
1795.jpg,Coast
1796.jpg,livingroom
1797.jpg,Mountain
1798.jpg,Coast
1799.jpg,Street
18.jpg,Coast
180.jpg,Mountain
1800.jpg,Insidecity
1801.jpg,Mountain
1802.jpg,Street
1803.jpg,Mountain
1804.jpg,Highway
1805.jpg,Coast
1806.jpg,Forest
1807.jpg,Street
1808.jpg,Insidecity
1809.jpg,Suburb
181.jpg,Coast
1810.jpg,OpenCountry
1811.jpg,Forest
1812.jpg,Street
1813.jpg,Coast
1814.jpg,Coast
1815.jpg,kitchen
1816.jpg,Mountain
1817.jpg,Coast
1818.jpg,Coast
1819.jpg,Office
182.jpg,TallBuilding
1820.jpg,Street
1821.jpg,Coast
1822.jpg,Coast
1823.jpg,Coast
1824.jpg,Insidecity
1825.jpg,Coast
1826.jpg,Forest
1827.jpg,OpenCountry
1828.jpg,OpenCountry
1829.jpg,Insidecity
183.jpg,OpenCountry
1830.jpg,Highway
1831.jpg,Suburb
1832.jpg,Coast
1833.jpg,Forest
1834.jpg,Coast
1835.jpg,Insidecity
1836.jpg,Insidecity
1837.jpg,Coast
1838.jpg,Coast
1839.jpg,Office
184.jpg,Highway
1840.jpg,Coast
1841.jpg,Suburb
1842.jpg,Highway
1843.jpg,Insidecity
1844.jpg,Coast
1845.jpg,Coast
1846.jpg,OpenCountry
1847.jpg,Highway
1848.jpg,Coast
1849.jpg,Suburb
185.jpg,TallBuilding
1850.jpg,Coast
1851.jpg,Highway
1852.jpg,Street
1853.jpg,Coast
1854.jpg,Mountain
1855.jpg,Highway
1856.jpg,Coast
1857.jpg,Coast
1858.jpg,Forest
1859.jpg,Mountain
186.jpg,Highway
1860.jpg,Mountain
1861.jpg,Coast
1862.jpg,Highway
1863.jpg,Coast
1864.jpg,Highway
1865.jpg,kitchen
1866.jpg,Office
1867.jpg,Coast
1868.jpg,Coast
1869.jpg,Suburb
187.jpg,Coast
1870.jpg,Highway
1871.jpg,OpenCountry
1872.jpg,Highway
1873.jpg,Highway
1874.jpg,Coast
1875.jpg,Highway
1876.jpg,Suburb
1877.jpg,bedroom
1878.jpg,OpenCountry
1879.jpg,Highway
188.jpg,Coast
1880.jpg,Coast
1881.jpg,Coast
1882.jpg,OpenCountry
1883.jpg,Highway
1884.jpg,Insidecity
1885.jpg,Office
1886.jpg,Forest
1887.jpg,Insidecity
1888.jpg,OpenCountry
1889.jpg,Mountain
189.jpg,Suburb
1890.jpg,Highway
1891.jpg,Coast
1892.jpg,Street
1893.jpg,Highway
1894.jpg,Coast
1895.jpg,Forest
1896.jpg,Highway
1897.jpg,Coast
1898.jpg,Forest
1899.jpg,Highway
19.jpg,Coast
190.jpg,Street
1900.jpg,Forest
1901.jpg,Forest
1902.jpg,OpenCountry
1903.jpg,TallBuilding
1904.jpg,Coast
1905.jpg,Street
1906.jpg,Coast
1907.jpg,Highway
1908.jpg,Highway
1909.jpg,OpenCountry
191.jpg,Coast
1910.jpg,Highway
1911.jpg,OpenCountry
1912.jpg,Coast
1913.jpg,Coast
1914.jpg,OpenCountry
1915.jpg,Suburb
1916.jpg,Coast
1917.jpg,Coast
1918.jpg,Coast
1919.jpg,Coast
192.jpg,Highway
1920.jpg,Forest
1921.jpg,Coast
1922.jpg,Coast
1923.jpg,Forest
1924.jpg,Coast
1925.jpg,Coast
1926.jpg,OpenCountry
1927.jpg,Coast
1928.jpg,Highway
1929.jpg,Coast
193.jpg,Coast
1930.jpg,Insidecity
1931.jpg,bedroom
1932.jpg,Highway
1933.jpg,Insidecity
1934.jpg,Suburb
1935.jpg,Forest
1936.jpg,Street
1937.jpg,Highway
1938.jpg,Coast
1939.jpg,Coast
194.jpg,Highway
1940.jpg,Mountain
1941.jpg,Highway
1942.jpg,Coast
1943.jpg,Coast
1944.jpg,Office
1945.jpg,Forest
1946.jpg,Highway
1947.jpg,Office
1948.jpg,Mountain
1949.jpg,Office
195.jpg,Highway
1950.jpg,kitchen
1951.jpg,Street
1952.jpg,Coast
1953.jpg,Mountain
1954.jpg,Insidecity
1955.jpg,Highway
1956.jpg,Mountain
1957.jpg,Highway
1958.jpg,OpenCountry
1959.jpg,Forest
196.jpg,Forest
1960.jpg,Street
1961.jpg,Office
1962.jpg,Suburb
1963.jpg,Suburb
1964.jpg,Forest
1965.jpg,OpenCountry
1966.jpg,Forest
1967.jpg,Highway
1968.jpg,Highway
1969.jpg,Insidecity
197.jpg,Suburb
1970.jpg,Forest
1971.jpg,Street
1972.jpg,TallBuilding
1973.jpg,Coast
1974.jpg,Insidecity
1975.jpg,Coast
1976.jpg,Suburb
1977.jpg,Coast
1978.jpg,livingroom
1979.jpg,Forest
198.jpg,Insidecity
1980.jpg,Coast
1981.jpg,Highway
1982.jpg,Highway
1983.jpg,bedroom
1984.jpg,Coast
1985.jpg,bedroom
1986.jpg,Highway
1987.jpg,Coast
1988.jpg,Forest
1989.jpg,OpenCountry
199.jpg,industrial
1990.jpg,Highway
1991.jpg,Highway
1992.jpg,Mountain
1993.jpg,Mountain
1994.jpg,Forest
1995.jpg,Coast
1996.jpg,Insidecity
1997.jpg,Coast
1998.jpg,Highway
1999.jpg,Coast
2.jpg,Coast
20.jpg,OpenCountry
200.jpg,OpenCountry
2000.jpg,Highway
2001.jpg,Coast
2002.jpg,Forest
2003.jpg,Coast
2004.jpg,Mountain
2005.jpg,Mountain
2006.jpg,Coast
2007.jpg,bedroom
2008.jpg,Highway
2009.jpg,Mountain
201.jpg,OpenCountry
2010.jpg,Coast
2011.jpg,Forest
2012.jpg,OpenCountry
2013.jpg,Mountain
2014.jpg,Street
2015.jpg,Suburb
2016.jpg,Office
2017.jpg,Suburb
2018.jpg,OpenCountry
2019.jpg,Office
202.jpg,Coast
2020.jpg,Street
2021.jpg,Highway
2022.jpg,Coast
2023.jpg,OpenCountry
2024.jpg,Mountain
2025.jpg,OpenCountry
2026.jpg,Coast
2027.jpg,Coast
2028.jpg,Highway
2029.jpg,TallBuilding
203.jpg,Suburb
2030.jpg,OpenCountry
2031.jpg,Coast
2032.jpg,Highway
2033.jpg,Insidecity
2034.jpg,Highway
2035.jpg,Coast
2036.jpg,Suburb
2037.jpg,Highway
2038.jpg,Highway
2039.jpg,Mountain
204.jpg,bedroom
2040.jpg,Highway
2041.jpg,TallBuilding
2042.jpg,Coast
2043.jpg,OpenCountry
2044.jpg,OpenCountry
2045.jpg,Highway
2046.jpg,bedroom
2047.jpg,Street
2048.jpg,OpenCountry
2049.jpg,Coast
205.jpg,Forest
2050.jpg,Office
2051.jpg,Insidecity
2052.jpg,Mountain
2053.jpg,Highway
2054.jpg,Highway
2055.jpg,Mountain
2056.jpg,Coast
2057.jpg,Insidecity
2058.jpg,Insidecity
2059.jpg,Suburb
206.jpg,TallBuilding
2060.jpg,Suburb
2061.jpg,Highway
2062.jpg,Highway
2063.jpg,Coast
2064.jpg,OpenCountry
2065.jpg,Highway
2066.jpg,Forest
2067.jpg,Coast
2068.jpg,Insidecity
2069.jpg,Forest
207.jpg,Mountain
2070.jpg,Highway
2071.jpg,Suburb
2072.jpg,Street
2073.jpg,Insidecity
2074.jpg,Forest
2075.jpg,Coast
2076.jpg,Coast
2077.jpg,OpenCountry
2078.jpg,Highway
2079.jpg,Coast
208.jpg,Highway
2080.jpg,Insidecity
2081.jpg,Forest
2082.jpg,Highway
2083.jpg,Mountain
2084.jpg,Coast
2085.jpg,Insidecity
2086.jpg,OpenCountry
2087.jpg,Street
2088.jpg,OpenCountry
2089.jpg,Highway
209.jpg,Coast
2090.jpg,Highway
2091.jpg,Insidecity
2092.jpg,OpenCountry
2093.jpg,Coast
2094.jpg,industrial
2095.jpg,Forest
2096.jpg,OpenCountry
2097.jpg,Coast
2098.jpg,Coast
2099.jpg,Coast
21.jpg,Street
210.jpg,Street
2100.jpg,Coast
2101.jpg,Insidecity
2102.jpg,Coast
2103.jpg,Mountain
2104.jpg,Office
2105.jpg,Coast
2106.jpg,Coast
2107.jpg,OpenCountry
2108.jpg,Coast
2109.jpg,Mountain
211.jpg,OpenCountry
2110.jpg,bedroom
2111.jpg,Suburb
2112.jpg,Highway
2113.jpg,Highway
2114.jpg,Highway
2115.jpg,Street
2116.jpg,Mountain
2117.jpg,Coast
2118.jpg,Highway
2119.jpg,Coast
212.jpg,Highway
2120.jpg,Coast
2121.jpg,Highway
2122.jpg,Suburb
2123.jpg,Coast
2124.jpg,Forest
2125.jpg,Suburb
2126.jpg,Forest
2127.jpg,Mountain
2128.jpg,Coast
2129.jpg,Coast
213.jpg,Highway
2130.jpg,Mountain
2131.jpg,Forest
2132.jpg,Mountain
2133.jpg,Suburb
2134.jpg,Highway
2135.jpg,Coast
2136.jpg,Forest
2137.jpg,Coast
2138.jpg,Office
2139.jpg,Street
214.jpg,Coast
2140.jpg,Highway
2141.jpg,Office
2142.jpg,Coast
2143.jpg,Office
2144.jpg,bedroom
2145.jpg,Forest
2146.jpg,OpenCountry
2147.jpg,Suburb
2148.jpg,OpenCountry
2149.jpg,Coast
215.jpg,Highway
2150.jpg,Mountain
2151.jpg,OpenCountry
2152.jpg,Coast
2153.jpg,Highway
2154.jpg,Forest
2155.jpg,Highway
2156.jpg,Mountain
2157.jpg,Mountain
2158.jpg,Highway
2159.jpg,Highway
216.jpg,Highway
2160.jpg,bedroom
2161.jpg,livingroom
2162.jpg,Coast
2163.jpg,Highway
2164.jpg,Street
2165.jpg,Coast
2166.jpg,Coast
2167.jpg,Highway
2168.jpg,Street
2169.jpg,Forest
217.jpg,Suburb
2170.jpg,Mountain
2171.jpg,Forest
2172.jpg,Street
2173.jpg,OpenCountry
2174.jpg,Highway
2175.jpg,Street
2176.jpg,OpenCountry
2177.jpg,OpenCountry
2178.jpg,Coast
2179.jpg,bedroom
218.jpg,Mountain
2180.jpg,Coast
2181.jpg,Coast
2182.jpg,Coast
2183.jpg,Coast
2184.jpg,Forest
2185.jpg,OpenCountry
2186.jpg,Highway
2187.jpg,Forest
2188.jpg,Mountain
2189.jpg,Coast
219.jpg,Coast
2190.jpg,Coast
2191.jpg,Coast
2192.jpg,Forest
2193.jpg,Highway
2194.jpg,Coast
2195.jpg,Coast
2196.jpg,Coast
2197.jpg,OpenCountry
2198.jpg,Coast
2199.jpg,Highway
22.jpg,Coast
220.jpg,OpenCountry
2200.jpg,Coast
2201.jpg,OpenCountry
2202.jpg,Office
2203.jpg,OpenCountry
2204.jpg,OpenCountry
2205.jpg,Forest
2206.jpg,Coast
2207.jpg,Office
2208.jpg,Coast
2209.jpg,Mountain
221.jpg,Forest
2210.jpg,Coast
2211.jpg,Highway
2212.jpg,Coast
2213.jpg,bedroom
2214.jpg,Street
2215.jpg,Highway
2216.jpg,OpenCountry
2217.jpg,Forest
2218.jpg,OpenCountry
2219.jpg,Suburb
222.jpg,Forest
2220.jpg,OpenCountry
2221.jpg,Highway
2222.jpg,Forest
2223.jpg,Coast
2224.jpg,Forest
2225.jpg,Street
2226.jpg,Coast
2227.jpg,Insidecity
2228.jpg,Coast
2229.jpg,Coast
223.jpg,Coast
2230.jpg,Coast
2231.jpg,OpenCountry
2232.jpg,Street
2233.jpg,OpenCountry
2234.jpg,TallBuilding
2235.jpg,Highway
2236.jpg,Insidecity
2237.jpg,Forest
2238.jpg,Coast
2239.jpg,Highway
224.jpg,OpenCountry
2240.jpg,TallBuilding
2241.jpg,Coast
2242.jpg,Highway
2243.jpg,Coast
2244.jpg,Mountain
2245.jpg,Forest
2246.jpg,Forest
2247.jpg,Mountain
2248.jpg,Coast
2249.jpg,Office
225.jpg,Coast
2250.jpg,Insidecity
2251.jpg,Coast
2252.jpg,Coast
2253.jpg,Insidecity
2254.jpg,Coast
2255.jpg,Coast
2256.jpg,Coast
2257.jpg,Highway
2258.jpg,Street
2259.jpg,Coast
226.jpg,Forest
2260.jpg,Coast
2261.jpg,Suburb
2262.jpg,Suburb
2263.jpg,Coast
2264.jpg,Coast
2265.jpg,OpenCountry
2266.jpg,bedroom
2267.jpg,Suburb
2268.jpg,Highway
2269.jpg,Coast
227.jpg,Highway
2270.jpg,Office
2271.jpg,Coast
2272.jpg,TallBuilding
2273.jpg,bedroom
2274.jpg,Coast
2275.jpg,livingroom
2276.jpg,Street
2277.jpg,Street
2278.jpg,Highway
2279.jpg,Suburb
228.jpg,Forest
2280.jpg,Forest
2281.jpg,Mountain
2282.jpg,Street
2283.jpg,OpenCountry
2284.jpg,Forest
2285.jpg,OpenCountry
2286.jpg,Office
2287.jpg,Coast
2288.jpg,Insidecity
2289.jpg,Mountain
229.jpg,Insidecity
2290.jpg,Coast
2291.jpg,Coast
2292.jpg,Highway
2293.jpg,Coast
2294.jpg,OpenCountry
2295.jpg,Highway
2296.jpg,Forest
2297.jpg,Highway
2298.jpg,OpenCountry
2299.jpg,Coast
23.jpg,OpenCountry
230.jpg,Coast
2300.jpg,Coast
2301.jpg,Forest
2302.jpg,Street
2303.jpg,Highway
2304.jpg,Coast
2305.jpg,Mountain
2306.jpg,OpenCountry
2307.jpg,Forest
2308.jpg,Office
2309.jpg,Mountain
231.jpg,Coast
2310.jpg,Coast
2311.jpg,OpenCountry
2312.jpg,Coast
2313.jpg,Street
2314.jpg,Forest
2315.jpg,store
2316.jpg,Street
2317.jpg,Highway
2318.jpg,Highway
2319.jpg,TallBuilding
232.jpg,Highway
2320.jpg,Coast
2321.jpg,OpenCountry
2322.jpg,Coast
2323.jpg,Mountain
2324.jpg,Mountain
2325.jpg,Coast
2326.jpg,Coast
2327.jpg,Suburb
2328.jpg,Suburb
2329.jpg,Mountain
233.jpg,OpenCountry
2330.jpg,Coast
2331.jpg,Highway
2332.jpg,Forest
2333.jpg,Mountain
2334.jpg,Highway
2335.jpg,TallBuilding
2336.jpg,bedroom
2337.jpg,Coast
2338.jpg,industrial
2339.jpg,TallBuilding
234.jpg,Coast
2340.jpg,OpenCountry
2341.jpg,Suburb
2342.jpg,Highway
2343.jpg,Suburb
2344.jpg,Insidecity
2345.jpg,Coast
2346.jpg,Forest
2347.jpg,Highway
2348.jpg,Street
2349.jpg,OpenCountry
235.jpg,OpenCountry
2350.jpg,Forest
2351.jpg,Highway
2352.jpg,Mountain
2353.jpg,Coast
2354.jpg,Suburb
2355.jpg,Coast
2356.jpg,OpenCountry
2357.jpg,Coast
2358.jpg,Forest
2359.jpg,Highway
236.jpg,Coast
2360.jpg,Highway
2361.jpg,Forest
2362.jpg,Forest
2363.jpg,Insidecity
2364.jpg,OpenCountry
2365.jpg,Coast
2366.jpg,OpenCountry
2367.jpg,Coast
2368.jpg,Coast
2369.jpg,Coast
237.jpg,Suburb
2370.jpg,Office
2371.jpg,Coast
2372.jpg,TallBuilding
2373.jpg,industrial
2374.jpg,Coast
2375.jpg,livingroom
2376.jpg,Forest
2377.jpg,OpenCountry
2378.jpg,Forest
2379.jpg,Street
238.jpg,Mountain
2380.jpg,Coast
2381.jpg,Coast
2382.jpg,Coast
2383.jpg,Coast
2384.jpg,Insidecity
2385.jpg,Highway
2386.jpg,Highway
2387.jpg,Forest
2388.jpg,Office
2389.jpg,Coast
239.jpg,OpenCountry
2390.jpg,Coast
2391.jpg,Coast
2392.jpg,OpenCountry
2393.jpg,Street
2394.jpg,Mountain
2395.jpg,Coast
2396.jpg,Office
2397.jpg,livingroom
2398.jpg,livingroom
2399.jpg,Forest
24.jpg,Forest
240.jpg,Highway
2400.jpg,Coast
2401.jpg,Coast
2402.jpg,Coast
2403.jpg,Forest
2404.jpg,Coast
2405.jpg,Coast
2406.jpg,Highway
2407.jpg,Forest
2408.jpg,Highway
2409.jpg,Mountain
241.jpg,Forest
2410.jpg,Coast
2411.jpg,Coast
2412.jpg,Mountain
2413.jpg,Suburb
2414.jpg,Highway
2415.jpg,Suburb
2416.jpg,OpenCountry
2417.jpg,Office
2418.jpg,Office
2419.jpg,TallBuilding
242.jpg,OpenCountry
2420.jpg,Suburb
2421.jpg,Coast
2422.jpg,Insidecity
2423.jpg,Office
2424.jpg,Insidecity
2425.jpg,Coast
2426.jpg,Coast
2427.jpg,Highway
2428.jpg,Coast
2429.jpg,Coast
243.jpg,Office
2430.jpg,bedroom
2431.jpg,Suburb
2432.jpg,Coast
2433.jpg,Coast
2434.jpg,Office
2435.jpg,Coast
2436.jpg,Coast
2437.jpg,Mountain
2438.jpg,Coast
2439.jpg,Suburb
244.jpg,Coast
2440.jpg,OpenCountry
2441.jpg,OpenCountry
2442.jpg,TallBuilding
2443.jpg,Forest
2444.jpg,Coast
2445.jpg,Forest
2446.jpg,Forest
2447.jpg,TallBuilding
2448.jpg,Highway
2449.jpg,Insidecity
245.jpg,Coast
2450.jpg,OpenCountry
2451.jpg,Coast
2452.jpg,OpenCountry
2453.jpg,TallBuilding
2454.jpg,Forest
2455.jpg,OpenCountry
2456.jpg,Coast
2457.jpg,Highway
2458.jpg,Mountain
2459.jpg,Street
246.jpg,Highway
2460.jpg,Coast
2461.jpg,Insidecity
2462.jpg,Coast
2463.jpg,OpenCountry
2464.jpg,Street
2465.jpg,Coast
2466.jpg,Highway
2467.jpg,Office
2468.jpg,Highway
2469.jpg,OpenCountry
247.jpg,Forest
2470.jpg,Highway
2471.jpg,OpenCountry
2472.jpg,Insidecity
2473.jpg,Highway
2474.jpg,Forest
2475.jpg,Mountain
2476.jpg,Street
2477.jpg,Coast
2478.jpg,Coast
2479.jpg,Coast
248.jpg,Coast
2480.jpg,Highway
2481.jpg,Coast
2482.jpg,Coast
2483.jpg,Highway
2484.jpg,Highway
2485.jpg,Forest
2486.jpg,Highway
2487.jpg,Coast
2488.jpg,Highway
2489.jpg,Coast
249.jpg,Street
2490.jpg,Coast
2491.jpg,TallBuilding
2492.jpg,Coast
2493.jpg,Coast
2494.jpg,OpenCountry
2495.jpg,Highway
2496.jpg,Highway
2497.jpg,OpenCountry
2498.jpg,Coast
2499.jpg,TallBuilding
25.jpg,TallBuilding
250.jpg,Coast
2500.jpg,Office
2501.jpg,Mountain
2502.jpg,TallBuilding
2503.jpg,Coast
2504.jpg,Coast
2505.jpg,Forest
2506.jpg,TallBuilding
2507.jpg,Coast
2508.jpg,Coast
2509.jpg,Highway
251.jpg,Coast
2510.jpg,Coast
2511.jpg,Mountain
2512.jpg,Forest
2513.jpg,Mountain
2514.jpg,Coast
2515.jpg,Coast
2516.jpg,TallBuilding
2517.jpg,Highway
2518.jpg,Forest
2519.jpg,Coast
252.jpg,OpenCountry
2520.jpg,Highway
2521.jpg,Coast
2522.jpg,Office
2523.jpg,OpenCountry
2524.jpg,Suburb
2525.jpg,Coast
2526.jpg,Coast
2527.jpg,Coast
2528.jpg,TallBuilding
2529.jpg,Coast
253.jpg,OpenCountry
2530.jpg,Coast
2531.jpg,Highway
2532.jpg,TallBuilding
2533.jpg,Coast
2534.jpg,OpenCountry
2535.jpg,Coast
2536.jpg,Mountain
2537.jpg,Office
2538.jpg,Forest
2539.jpg,Coast
254.jpg,Highway
2540.jpg,Coast
2541.jpg,Coast
2542.jpg,Forest
2543.jpg,Coast
2544.jpg,OpenCountry
2545.jpg,Coast
2546.jpg,Forest
2547.jpg,Mountain
2548.jpg,OpenCountry
2549.jpg,Highway
255.jpg,Street
2550.jpg,TallBuilding
2551.jpg,Coast
2552.jpg,Highway
2553.jpg,Highway
2554.jpg,Forest
2555.jpg,Coast
2556.jpg,Highway
2557.jpg,Highway
2558.jpg,Mountain
2559.jpg,Coast
256.jpg,Coast
2560.jpg,Office
2561.jpg,Highway
2562.jpg,Highway
2563.jpg,Highway
2564.jpg,Highway
2565.jpg,Coast
2566.jpg,Street
2567.jpg,Street
2568.jpg,Street
2569.jpg,Forest
257.jpg,Street
2570.jpg,Insidecity
2571.jpg,Forest
2572.jpg,TallBuilding
2573.jpg,Insidecity
2574.jpg,OpenCountry
2575.jpg,Highway
2576.jpg,Mountain
2577.jpg,bedroom
2578.jpg,Office
2579.jpg,Mountain
258.jpg,Coast
2580.jpg,Coast
2581.jpg,Coast
2582.jpg,Coast
2583.jpg,Highway
2584.jpg,Forest
2585.jpg,industrial
2586.jpg,Insidecity
2587.jpg,kitchen
2588.jpg,Highway
2589.jpg,Forest
259.jpg,Highway
2590.jpg,Highway
2591.jpg,Highway
2592.jpg,Coast
2593.jpg,Office
2594.jpg,Mountain
2595.jpg,Coast
2596.jpg,bedroom
2597.jpg,Coast
2598.jpg,Suburb
2599.jpg,OpenCountry
26.jpg,Insidecity
260.jpg,Coast
2600.jpg,Highway
2601.jpg,Coast
2602.jpg,Coast
2603.jpg,Coast
2604.jpg,Highway
2605.jpg,Coast
2606.jpg,Coast
2607.jpg,Mountain
2608.jpg,Coast
2609.jpg,Forest
261.jpg,Street
2610.jpg,OpenCountry
2611.jpg,Coast
2612.jpg,Insidecity
2613.jpg,Coast
2614.jpg,Street
2615.jpg,OpenCountry
2616.jpg,Insidecity
2617.jpg,Forest
2618.jpg,Coast
2619.jpg,Street
262.jpg,Highway
2620.jpg,Highway
2621.jpg,Coast
2622.jpg,Office
2623.jpg,Coast
2624.jpg,Highway
2625.jpg,Insidecity
2626.jpg,Highway
2627.jpg,Coast
2628.jpg,OpenCountry
2629.jpg,kitchen
263.jpg,Mountain
2630.jpg,OpenCountry
2631.jpg,Street
2632.jpg,Highway
2633.jpg,OpenCountry
2634.jpg,Office
2635.jpg,Mountain
2636.jpg,Forest
2637.jpg,Suburb
2638.jpg,Suburb
2639.jpg,Coast
264.jpg,Coast
2640.jpg,Highway
2641.jpg,OpenCountry
2642.jpg,Coast
2643.jpg,Highway
2644.jpg,Coast
2645.jpg,Coast
2646.jpg,Coast
2647.jpg,OpenCountry
2648.jpg,Highway
2649.jpg,Forest
265.jpg,Highway
2650.jpg,Street
2651.jpg,bedroom
2652.jpg,Insidecity
2653.jpg,Coast
2654.jpg,TallBuilding
2655.jpg,Highway
2656.jpg,Forest
2657.jpg,OpenCountry
2658.jpg,Coast
2659.jpg,Highway
266.jpg,OpenCountry
2660.jpg,bedroom
2661.jpg,Coast
2662.jpg,Highway
2663.jpg,OpenCountry
2664.jpg,Suburb
2665.jpg,Street
2666.jpg,Forest
2667.jpg,Coast
2668.jpg,Coast
2669.jpg,Mountain
267.jpg,Coast
2670.jpg,Highway
2671.jpg,Mountain
2672.jpg,Highway
2673.jpg,OpenCountry
2674.jpg,Forest
2675.jpg,OpenCountry
2676.jpg,Highway
2677.jpg,Forest
2678.jpg,Forest
2679.jpg,Coast
268.jpg,Highway
2680.jpg,Highway
2681.jpg,Suburb
2682.jpg,Coast
2683.jpg,Coast
2684.jpg,Coast
2685.jpg,Coast
2686.jpg,Mountain
2687.jpg,Office
2688.jpg,Street
2689.jpg,Coast
269.jpg,Highway
2690.jpg,Coast
2691.jpg,Coast
2692.jpg,Mountain
2693.jpg,Forest
2694.jpg,OpenCountry
2695.jpg,Street
2696.jpg,Street
2697.jpg,Mountain
2698.jpg,Coast
2699.jpg,Coast
27.jpg,Coast
270.jpg,Coast
2700.jpg,Street
2701.jpg,Highway
2702.jpg,bedroom
2703.jpg,Highway
2704.jpg,Coast
2705.jpg,industrial
2706.jpg,industrial
2707.jpg,Forest
2708.jpg,OpenCountry
2709.jpg,Forest
271.jpg,Highway
2710.jpg,Insidecity
2711.jpg,Street
2712.jpg,Coast
2713.jpg,Forest
2714.jpg,Coast
2715.jpg,Coast
2716.jpg,Coast
2717.jpg,OpenCountry
2718.jpg,Forest
2719.jpg,Forest
272.jpg,Mountain
2720.jpg,Highway
2721.jpg,Forest
2722.jpg,Coast
2723.jpg,Forest
2724.jpg,Office
2725.jpg,Mountain
2726.jpg,Coast
2727.jpg,Mountain
2728.jpg,Street
2729.jpg,Coast
273.jpg,Coast
2730.jpg,Street
2731.jpg,OpenCountry
2732.jpg,OpenCountry
2733.jpg,Insidecity
2734.jpg,OpenCountry
2735.jpg,Coast
2736.jpg,TallBuilding
2737.jpg,Insidecity
2738.jpg,OpenCountry
2739.jpg,Suburb
274.jpg,Mountain
2740.jpg,Coast
2741.jpg,Forest
2742.jpg,Mountain
2743.jpg,Forest
2744.jpg,Mountain
2745.jpg,Insidecity
2746.jpg,Highway
2747.jpg,Highway
2748.jpg,TallBuilding
2749.jpg,Highway
275.jpg,Forest
2750.jpg,Street
2751.jpg,Street
2752.jpg,Forest
2753.jpg,Highway
2754.jpg,Coast
2755.jpg,Highway
2756.jpg,Highway
2757.jpg,Forest
2758.jpg,Highway
2759.jpg,Mountain
276.jpg,Insidecity
2760.jpg,Highway
2761.jpg,Highway
2762.jpg,Street
2763.jpg,Coast
2764.jpg,Street
2765.jpg,Forest
2766.jpg,OpenCountry
2767.jpg,OpenCountry
2768.jpg,Coast
2769.jpg,Coast
277.jpg,Coast
2770.jpg,Coast
2771.jpg,Coast
2772.jpg,Coast
2773.jpg,Coast
2774.jpg,Highway
2775.jpg,Coast
2776.jpg,Forest
2777.jpg,Highway
2778.jpg,OpenCountry
2779.jpg,Forest
278.jpg,Highway
2780.jpg,Highway
2781.jpg,Mountain
2782.jpg,Forest
2783.jpg,Coast
2784.jpg,Highway
2785.jpg,Forest
2786.jpg,Coast
2787.jpg,Mountain
2788.jpg,Coast
2789.jpg,Forest
279.jpg,Coast
2790.jpg,Highway
2791.jpg,Insidecity
2792.jpg,Forest
2793.jpg,Suburb
2794.jpg,Mountain
2795.jpg,Coast
2796.jpg,bedroom
2797.jpg,OpenCountry
2798.jpg,Street
2799.jpg,Mountain
28.jpg,kitchen
280.jpg,Coast
2800.jpg,Street
2801.jpg,Office
2802.jpg,industrial
2803.jpg,Highway
2804.jpg,Coast
2805.jpg,Coast
2806.jpg,Coast
2807.jpg,Coast
2808.jpg,Highway
2809.jpg,Highway
281.jpg,Highway
2810.jpg,Street
2811.jpg,Mountain
2812.jpg,Coast
2813.jpg,Highway
2814.jpg,OpenCountry
2815.jpg,OpenCountry
2816.jpg,Coast
2817.jpg,Mountain
2818.jpg,Highway
2819.jpg,Highway
282.jpg,TallBuilding
2820.jpg,Street
2821.jpg,Highway
2822.jpg,Coast
2823.jpg,Coast
2824.jpg,Coast
2825.jpg,Coast
2826.jpg,Insidecity
2827.jpg,Coast
2828.jpg,Forest
2829.jpg,Mountain
283.jpg,OpenCountry
2830.jpg,Street
2831.jpg,Office
2832.jpg,OpenCountry
2833.jpg,Street
2834.jpg,Highway
2835.jpg,Suburb
2836.jpg,OpenCountry
2837.jpg,Highway
2838.jpg,Office
2839.jpg,Highway
284.jpg,Highway
2840.jpg,OpenCountry
2841.jpg,Forest
2842.jpg,bedroom
2843.jpg,Highway
2844.jpg,Coast
2845.jpg,Highway
2846.jpg,Street
2847.jpg,Forest
2848.jpg,Street
2849.jpg,Highway
285.jpg,Coast
2850.jpg,Coast
2851.jpg,Coast
2852.jpg,Coast
2853.jpg,OpenCountry
2854.jpg,kitchen
2855.jpg,Coast
2856.jpg,Forest
2857.jpg,OpenCountry
2858.jpg,Coast
2859.jpg,Highway
286.jpg,Highway
2860.jpg,Highway
2861.jpg,Coast
2862.jpg,Street
2863.jpg,Coast
2864.jpg,Highway
2865.jpg,Street
2866.jpg,Coast
2867.jpg,Coast
2868.jpg,OpenCountry
2869.jpg,OpenCountry
287.jpg,OpenCountry
2870.jpg,Coast
2871.jpg,Suburb
2872.jpg,Street
2873.jpg,Forest
2874.jpg,Forest
2875.jpg,Forest
2876.jpg,Coast
2877.jpg,Insidecity
2878.jpg,Office
2879.jpg,Coast
288.jpg,Coast
2880.jpg,bedroom
2881.jpg,Forest
2882.jpg,Coast
2883.jpg,Highway
2884.jpg,Highway
2885.jpg,Highway
2886.jpg,Mountain
2887.jpg,Forest
2888.jpg,OpenCountry
2889.jpg,Coast
289.jpg,Highway
2890.jpg,Coast
2891.jpg,Highway
2892.jpg,Mountain
2893.jpg,Street
2894.jpg,Insidecity
2895.jpg,Mountain
2896.jpg,Coast
2897.jpg,OpenCountry
2898.jpg,Insidecity
2899.jpg,Highway
29.jpg,Forest
290.jpg,Coast
2900.jpg,Forest
2901.jpg,Coast
2902.jpg,Coast
2903.jpg,Suburb
2904.jpg,livingroom
2905.jpg,Coast
2906.jpg,Street
2907.jpg,Insidecity
2908.jpg,Suburb
2909.jpg,livingroom
291.jpg,Highway
2910.jpg,Insidecity
2911.jpg,Street
2912.jpg,Mountain
2913.jpg,Forest
2914.jpg,Mountain
2915.jpg,Suburb
2916.jpg,Mountain
2917.jpg,Coast
2918.jpg,Coast
2919.jpg,Forest
292.jpg,Highway
2920.jpg,Insidecity
2921.jpg,Mountain
2922.jpg,Coast
2923.jpg,Coast
2924.jpg,Mountain
2925.jpg,Street
2926.jpg,Coast
2927.jpg,Highway
2928.jpg,OpenCountry
2929.jpg,OpenCountry
293.jpg,Street
2930.jpg,OpenCountry
2931.jpg,Highway
2932.jpg,Highway
2933.jpg,Coast
2934.jpg,Insidecity
2935.jpg,Forest
2936.jpg,Coast
2937.jpg,Coast
2939.jpg,Highway
294.jpg,kitchen
2940.jpg,Highway
2941.jpg,Forest
2942.jpg,Office
2943.jpg,bedroom
2944.jpg,Highway
2945.jpg,Highway
2946.jpg,Coast
2947.jpg,Insidecity
2948.jpg,Mountain
2949.jpg,Office
295.jpg,Coast
2950.jpg,Forest
2951.jpg,Coast
2952.jpg,Street
2953.jpg,Highway
2954.jpg,Highway
2955.jpg,OpenCountry
2956.jpg,Street
2957.jpg,industrial
2958.jpg,Insidecity
2959.jpg,OpenCountry
296.jpg,Forest
2960.jpg,OpenCountry
2961.jpg,Forest
2963.jpg,Coast
2964.jpg,Coast
2965.jpg,Coast
2966.jpg,Highway
2967.jpg,bedroom
2968.jpg,Street
2969.jpg,Coast
297.jpg,OpenCountry
2970.jpg,Office
2971.jpg,Street
2972.jpg,Coast
2973.jpg,Highway
2974.jpg,Highway
2975.jpg,Highway
2976.jpg,OpenCountry
2977.jpg,Suburb
2978.jpg,OpenCountry
2979.jpg,Highway
298.jpg,Highway
2980.jpg,Highway
2981.jpg,Street
2982.jpg,Coast
2983.jpg,Coast
2984.jpg,Highway
2985.jpg,Mountain
2986.jpg,Highway
2987.jpg,Coast
299.jpg,OpenCountry
3.jpg,Mountain
30.jpg,Coast
300.jpg,Coast
301.jpg,Highway
302.jpg,Forest
303.jpg,TallBuilding
304.jpg,TallBuilding
305.jpg,Mountain
306.jpg,Coast
307.jpg,Forest
308.jpg,Coast
309.jpg,Forest
31.jpg,Coast
310.jpg,Coast
311.jpg,Highway
312.jpg,Office
313.jpg,Insidecity
314.jpg,Coast
315.jpg,Highway
316.jpg,Forest
317.jpg,industrial
318.jpg,Office
319.jpg,OpenCountry
32.jpg,OpenCountry
320.jpg,OpenCountry
321.jpg,livingroom
322.jpg,Coast
323.jpg,Street
324.jpg,Forest
325.jpg,TallBuilding
326.jpg,Office
327.jpg,Highway
328.jpg,Coast
329.jpg,Coast
33.jpg,Coast
330.jpg,Suburb
331.jpg,Forest
332.jpg,Coast
333.jpg,Office
334.jpg,Coast
335.jpg,OpenCountry
336.jpg,Coast
337.jpg,Forest
338.jpg,Coast
339.jpg,Highway
34.jpg,Insidecity
340.jpg,Highway
341.jpg,Street
342.jpg,Insidecity
343.jpg,Coast
344.jpg,Coast
345.jpg,OpenCountry
346.jpg,Highway
347.jpg,livingroom
348.jpg,Mountain
349.jpg,Coast
35.jpg,industrial
350.jpg,Coast
351.jpg,Highway
352.jpg,Coast
353.jpg,TallBuilding
354.jpg,Office
355.jpg,Highway
356.jpg,Forest
357.jpg,Insidecity
358.jpg,Forest
359.jpg,Highway
36.jpg,Mountain
360.jpg,OpenCountry
361.jpg,Coast
362.jpg,Coast
363.jpg,Suburb
364.jpg,Coast
365.jpg,Coast
366.jpg,Coast
367.jpg,Coast
368.jpg,Suburb
369.jpg,Insidecity
37.jpg,Highway
370.jpg,Coast
371.jpg,Coast
372.jpg,Forest
373.jpg,Forest
374.jpg,Mountain
375.jpg,Mountain
376.jpg,Highway
377.jpg,OpenCountry
378.jpg,Street
379.jpg,Street
38.jpg,Coast
380.jpg,Highway
381.jpg,Street
382.jpg,Forest
383.jpg,Forest
384.jpg,Suburb
385.jpg,bedroom
386.jpg,Street
387.jpg,Highway
388.jpg,Insidecity
389.jpg,Coast
39.jpg,Highway
390.jpg,Coast
391.jpg,Suburb
392.jpg,Coast
393.jpg,Coast
394.jpg,Office
395.jpg,Suburb
396.jpg,Coast
397.jpg,Highway
398.jpg,Highway
399.jpg,Coast
4.jpg,Coast
40.jpg,Coast
400.jpg,livingroom
401.jpg,Forest
402.jpg,Coast
403.jpg,Mountain
404.jpg,Coast
405.jpg,Forest
406.jpg,Coast
407.jpg,Forest
408.jpg,Highway
409.jpg,Coast
41.jpg,OpenCountry
410.jpg,Office
411.jpg,Highway
412.jpg,Coast
413.jpg,Highway
414.jpg,Highway
415.jpg,Suburb
416.jpg,Coast
417.jpg,Insidecity
418.jpg,Street
419.jpg,Coast
42.jpg,Insidecity
420.jpg,Coast
421.jpg,OpenCountry
422.jpg,Coast
423.jpg,Highway
424.jpg,Highway
425.jpg,Coast
426.jpg,Forest
427.jpg,Mountain
428.jpg,OpenCountry
429.jpg,OpenCountry
43.jpg,bedroom
430.jpg,Highway
431.jpg,Coast
432.jpg,Mountain
433.jpg,industrial
434.jpg,Mountain
435.jpg,bedroom
436.jpg,Coast
437.jpg,Street
438.jpg,Forest
439.jpg,OpenCountry
44.jpg,Coast
440.jpg,Highway
441.jpg,Insidecity
442.jpg,Highway
443.jpg,Street
444.jpg,TallBuilding
445.jpg,Forest
446.jpg,Coast
447.jpg,Coast
448.jpg,Mountain
449.jpg,OpenCountry
45.jpg,Suburb
450.jpg,Suburb
451.jpg,TallBuilding
452.jpg,Street
453.jpg,Street
454.jpg,Coast
455.jpg,OpenCountry
456.jpg,Coast
457.jpg,Coast
458.jpg,OpenCountry
459.jpg,Coast
46.jpg,Forest
460.jpg,Street
461.jpg,Coast
462.jpg,OpenCountry
463.jpg,TallBuilding
464.jpg,Coast
465.jpg,Office
466.jpg,OpenCountry
467.jpg,Coast
468.jpg,Coast
469.jpg,Coast
47.jpg,Coast
470.jpg,Mountain
471.jpg,Street
472.jpg,Street
473.jpg,Highway
474.jpg,Mountain
475.jpg,Coast
476.jpg,Highway
477.jpg,Coast
478.jpg,Forest
479.jpg,Coast
48.jpg,Coast
480.jpg,Forest
481.jpg,Highway
482.jpg,Suburb
483.jpg,Street
484.jpg,Coast
485.jpg,Suburb
486.jpg,Street
487.jpg,Coast
488.jpg,Suburb
489.jpg,Forest
49.jpg,Forest
490.jpg,TallBuilding
491.jpg,Coast
492.jpg,Office
493.jpg,Coast
494.jpg,Coast
495.jpg,Office
496.jpg,Highway
497.jpg,Coast
498.jpg,Insidecity
499.jpg,Street
5.jpg,Suburb
50.jpg,Coast
500.jpg,OpenCountry
501.jpg,Coast
502.jpg,Coast
503.jpg,Office
504.jpg,Suburb
505.jpg,Coast
506.jpg,Coast
507.jpg,Office
508.jpg,Mountain
509.jpg,Coast
51.jpg,Coast
510.jpg,Coast
511.jpg,Insidecity
512.jpg,Coast
513.jpg,Coast
514.jpg,Coast
515.jpg,Mountain
516.jpg,Office
517.jpg,Coast
518.jpg,Highway
519.jpg,Forest
52.jpg,Suburb
520.jpg,Office
521.jpg,Coast
522.jpg,Insidecity
523.jpg,Coast
524.jpg,Coast
525.jpg,TallBuilding
526.jpg,Insidecity
527.jpg,Mountain
528.jpg,Coast
529.jpg,Coast
53.jpg,Mountain
530.jpg,OpenCountry
531.jpg,OpenCountry
532.jpg,Highway
533.jpg,OpenCountry
534.jpg,Forest
535.jpg,OpenCountry
536.jpg,Highway
537.jpg,Coast
538.jpg,Street
539.jpg,OpenCountry
54.jpg,Coast
540.jpg,Coast
541.jpg,Insidecity
542.jpg,Insidecity
543.jpg,Coast
544.jpg,Coast
545.jpg,Office
546.jpg,bedroom
547.jpg,TallBuilding
548.jpg,Coast
549.jpg,Coast
55.jpg,Coast
550.jpg,OpenCountry
551.jpg,Mountain
552.jpg,Highway
553.jpg,Coast
554.jpg,OpenCountry
555.jpg,Highway
556.jpg,industrial
557.jpg,Forest
558.jpg,OpenCountry
559.jpg,Coast
56.jpg,Forest
560.jpg,Mountain
561.jpg,OpenCountry
562.jpg,Insidecity
563.jpg,industrial
564.jpg,OpenCountry
565.jpg,Coast
566.jpg,Suburb
567.jpg,OpenCountry
568.jpg,Coast
569.jpg,Coast
57.jpg,OpenCountry
570.jpg,Street
571.jpg,bedroom
572.jpg,Mountain
573.jpg,Coast
574.jpg,OpenCountry
575.jpg,Coast
576.jpg,Insidecity
577.jpg,Coast
578.jpg,Street
579.jpg,Forest
58.jpg,OpenCountry
580.jpg,OpenCountry
581.jpg,Highway
582.jpg,Coast
583.jpg,Coast
584.jpg,Coast
585.jpg,Highway
586.jpg,OpenCountry
587.jpg,OpenCountry
588.jpg,Suburb
589.jpg,Highway
59.jpg,Coast
590.jpg,Mountain
591.jpg,OpenCountry
592.jpg,Coast
593.jpg,OpenCountry
594.jpg,Forest
595.jpg,Insidecity
596.jpg,Forest
597.jpg,Forest
598.jpg,Street
599.jpg,Mountain
6.jpg,Highway
60.jpg,Mountain
600.jpg,Coast
601.jpg,Coast
602.jpg,Suburb
603.jpg,Highway
604.jpg,Forest
605.jpg,Coast
606.jpg,Highway
607.jpg,Forest
608.jpg,Coast
609.jpg,Forest
61.jpg,Coast
610.jpg,Coast
611.jpg,Coast
612.jpg,Highway
613.jpg,Insidecity
614.jpg,Highway
615.jpg,Street
616.jpg,Suburb
617.jpg,Forest
618.jpg,Coast
619.jpg,TallBuilding
62.jpg,OpenCountry
620.jpg,Coast
621.jpg,Forest
622.jpg,Coast
623.jpg,Coast
624.jpg,Coast
625.jpg,Highway
626.jpg,Highway
627.jpg,TallBuilding
628.jpg,Coast
629.jpg,Coast
63.jpg,Office
630.jpg,Highway
631.jpg,Forest
632.jpg,Street
633.jpg,Highway
634.jpg,Coast
635.jpg,Coast
636.jpg,Coast
637.jpg,Mountain
638.jpg,Highway
639.jpg,bedroom
64.jpg,Coast
640.jpg,Mountain
641.jpg,Highway
642.jpg,Street
643.jpg,OpenCountry
644.jpg,Forest
645.jpg,Mountain
646.jpg,Street
647.jpg,TallBuilding
648.jpg,Coast
649.jpg,Office
65.jpg,Street
650.jpg,Coast
651.jpg,Highway
652.jpg,bedroom
653.jpg,kitchen
654.jpg,Highway
655.jpg,Street
656.jpg,Mountain
657.jpg,Coast
658.jpg,Highway
659.jpg,Coast
66.jpg,Suburb
660.jpg,OpenCountry
661.jpg,Highway
662.jpg,Forest
663.jpg,Street
664.jpg,Insidecity
665.jpg,Mountain
666.jpg,Coast
667.jpg,Street
668.jpg,Forest
669.jpg,Coast
67.jpg,Highway
670.jpg,Coast
671.jpg,Mountain
672.jpg,Coast
673.jpg,Coast
674.jpg,Highway
675.jpg,TallBuilding
676.jpg,Coast
677.jpg,Coast
678.jpg,Coast
679.jpg,Suburb
68.jpg,Coast
680.jpg,OpenCountry
681.jpg,Insidecity
682.jpg,Coast
683.jpg,Coast
684.jpg,Highway
685.jpg,OpenCountry
686.jpg,livingroom
687.jpg,Street
688.jpg,Coast
689.jpg,Forest
69.jpg,Coast
690.jpg,Insidecity
691.jpg,Highway
692.jpg,Street
693.jpg,Coast
694.jpg,livingroom
695.jpg,Coast
696.jpg,Coast
697.jpg,Mountain
698.jpg,Highway
699.jpg,Coast
7.jpg,Coast
70.jpg,Insidecity
700.jpg,Insidecity
701.jpg,Suburb
702.jpg,Insidecity
703.jpg,Street
704.jpg,Highway
705.jpg,OpenCountry
706.jpg,OpenCountry
707.jpg,Coast
708.jpg,Coast
709.jpg,bedroom
71.jpg,Highway
710.jpg,Forest
711.jpg,Suburb
712.jpg,Insidecity
713.jpg,Coast
714.jpg,OpenCountry
715.jpg,Coast
716.jpg,livingroom
717.jpg,Suburb
718.jpg,Street
719.jpg,Suburb
72.jpg,Highway
720.jpg,TallBuilding
721.jpg,Coast
722.jpg,Coast
723.jpg,Office
724.jpg,Coast
725.jpg,Coast
726.jpg,OpenCountry
727.jpg,Coast
728.jpg,Street
729.jpg,Coast
73.jpg,Coast
730.jpg,Highway
731.jpg,TallBuilding
732.jpg,Street
733.jpg,OpenCountry
734.jpg,Suburb
735.jpg,OpenCountry
736.jpg,Highway
737.jpg,Coast
738.jpg,TallBuilding
739.jpg,Coast
74.jpg,OpenCountry
740.jpg,Coast
741.jpg,Coast
742.jpg,Coast
743.jpg,OpenCountry
744.jpg,OpenCountry
745.jpg,Coast
746.jpg,Highway
747.jpg,Highway
748.jpg,Coast
749.jpg,Highway
75.jpg,OpenCountry
750.jpg,Coast
751.jpg,Coast
752.jpg,Forest
753.jpg,Coast
754.jpg,Coast
755.jpg,Coast
756.jpg,Forest
757.jpg,Highway
758.jpg,Street
759.jpg,Coast
76.jpg,Coast
760.jpg,Street
761.jpg,Highway
762.jpg,Coast
763.jpg,Coast
764.jpg,Coast
765.jpg,Coast
766.jpg,bedroom
767.jpg,Street
768.jpg,Highway
769.jpg,Highway
77.jpg,Coast
770.jpg,Highway
771.jpg,Insidecity
772.jpg,Suburb
773.jpg,Highway
774.jpg,Coast
775.jpg,OpenCountry
776.jpg,Highway
777.jpg,Highway
778.jpg,Highway
779.jpg,Office
78.jpg,OpenCountry
780.jpg,Mountain
781.jpg,Coast
782.jpg,Coast
783.jpg,OpenCountry
784.jpg,Forest
785.jpg,Highway
786.jpg,livingroom
787.jpg,bedroom
788.jpg,OpenCountry
789.jpg,Highway
79.jpg,Coast
790.jpg,Coast
791.jpg,Suburb
792.jpg,Street
793.jpg,OpenCountry
794.jpg,Coast
795.jpg,Forest
796.jpg,Highway
797.jpg,OpenCountry
798.jpg,OpenCountry
799.jpg,industrial
8.jpg,OpenCountry
80.jpg,Office
800.jpg,OpenCountry
801.jpg,Insidecity
802.jpg,Street
803.jpg,Highway
804.jpg,Coast
805.jpg,Insidecity
806.jpg,Coast
807.jpg,Mountain
808.jpg,Highway
809.jpg,Highway
81.jpg,OpenCountry
810.jpg,Highway
811.jpg,Coast
812.jpg,Coast
813.jpg,OpenCountry
814.jpg,Insidecity
815.jpg,Forest
816.jpg,Highway
817.jpg,Street
818.jpg,livingroom
819.jpg,Mountain
82.jpg,Coast
820.jpg,Mountain
821.jpg,Suburb
822.jpg,Street
823.jpg,Highway
824.jpg,Street
825.jpg,industrial
826.jpg,Coast
827.jpg,Coast
828.jpg,TallBuilding
829.jpg,Coast
83.jpg,OpenCountry
830.jpg,Forest
831.jpg,Forest
832.jpg,Highway
833.jpg,Highway
834.jpg,OpenCountry
835.jpg,Forest
836.jpg,Forest
837.jpg,Coast
838.jpg,Insidecity
839.jpg,Coast
84.jpg,Forest
840.jpg,Coast
841.jpg,Coast
842.jpg,Forest
843.jpg,Coast
844.jpg,Suburb
845.jpg,Highway
846.jpg,Suburb
847.jpg,bedroom
848.jpg,Highway
849.jpg,Highway
85.jpg,Highway
850.jpg,Coast
851.jpg,OpenCountry
852.jpg,Forest
853.jpg,OpenCountry
854.jpg,Coast
855.jpg,Highway
856.jpg,Coast
857.jpg,Highway
858.jpg,Street
859.jpg,Coast
86.jpg,TallBuilding
860.jpg,Mountain
861.jpg,Coast
862.jpg,Coast
863.jpg,OpenCountry
864.jpg,Office
865.jpg,Highway
866.jpg,Mountain
867.jpg,Coast
868.jpg,Highway
869.jpg,Insidecity
87.jpg,Mountain
870.jpg,Mountain
871.jpg,OpenCountry
872.jpg,TallBuilding
873.jpg,Highway
874.jpg,Coast
875.jpg,Highway
876.jpg,industrial
877.jpg,Mountain
878.jpg,OpenCountry
879.jpg,Highway
88.jpg,Coast
880.jpg,Coast
881.jpg,Forest
882.jpg,Coast
883.jpg,Coast
884.jpg,Coast
885.jpg,Coast
886.jpg,Coast
887.jpg,Coast
888.jpg,Highway
889.jpg,bedroom
89.jpg,Coast
890.jpg,Highway
891.jpg,Forest
892.jpg,Highway
893.jpg,Office
894.jpg,Coast
895.jpg,Office
896.jpg,Forest
897.jpg,Forest
898.jpg,Coast
899.jpg,Coast
9.jpg,Street
90.jpg,Insidecity
900.jpg,Mountain
901.jpg,Forest
902.jpg,OpenCountry
903.jpg,Street
904.jpg,Highway
905.jpg,Insidecity
906.jpg,Coast
907.jpg,OpenCountry
908.jpg,Coast
909.jpg,kitchen
91.jpg,Mountain
910.jpg,Highway
911.jpg,Highway
912.jpg,OpenCountry
913.jpg,Highway
914.jpg,Highway
915.jpg,Street
916.jpg,Highway
917.jpg,Highway
918.jpg,Mountain
919.jpg,Insidecity
92.jpg,Mountain
920.jpg,Highway
921.jpg,Suburb
922.jpg,Suburb
923.jpg,TallBuilding
924.jpg,Insidecity
925.jpg,livingroom
926.jpg,TallBuilding
927.jpg,Coast
928.jpg,Forest
929.jpg,kitchen
93.jpg,Mountain
930.jpg,OpenCountry
931.jpg,OpenCountry
932.jpg,Forest
933.jpg,Highway
934.jpg,Street
935.jpg,Street
936.jpg,Office
937.jpg,Forest
938.jpg,Highway
939.jpg,Office
94.jpg,TallBuilding
940.jpg,OpenCountry
941.jpg,Coast
942.jpg,OpenCountry
943.jpg,OpenCountry
944.jpg,TallBuilding
945.jpg,Highway
946.jpg,Coast
947.jpg,Coast
948.jpg,Insidecity
949.jpg,Coast
95.jpg,Street
950.jpg,Insidecity
951.jpg,Insidecity
952.jpg,Coast
953.jpg,Coast
954.jpg,Forest
955.jpg,Forest
956.jpg,Highway
957.jpg,OpenCountry
958.jpg,OpenCountry
959.jpg,Suburb
96.jpg,Coast
960.jpg,Insidecity
961.jpg,Suburb
962.jpg,Coast
963.jpg,OpenCountry
964.jpg,Highway
965.jpg,Highway
966.jpg,bedroom
967.jpg,Coast
968.jpg,Insidecity
969.jpg,Coast
97.jpg,Mountain
970.jpg,Office
971.jpg,Mountain
972.jpg,Highway
973.jpg,Coast
974.jpg,Insidecity
975.jpg,Highway
976.jpg,Highway
977.jpg,Coast
978.jpg,Coast
979.jpg,Highway
98.jpg,Coast
980.jpg,Highway
981.jpg,Coast
982.jpg,OpenCountry
983.jpg,OpenCountry
984.jpg,Coast
985.jpg,Street
986.jpg,Coast
987.jpg,Coast
988.jpg,Street
989.jpg,Coast
99.jpg,OpenCountry
990.jpg,Highway
991.jpg,Office
992.jpg,Coast
993.jpg,bedroom
994.jpg,Coast
995.jpg,Highway
996.jpg,Coast
997.jpg,OpenCountry
998.jpg,OpenCountry
999.jpg,Forest
